Player,Previous_Season_Archetype,New_Season_Archetype,Changed Archetype?,Previous_Cluster,New_Cluster,Key Statistical Changes,Notes / Interpretation
Amen Thompson,Defensive Rim Protectors,Interior Bigs,TRUE,1,3,BLK down 1.38 z; 2PA up 1.37 z; FT up 1.25 z; 2P up 1.24 z; FGA up 1.20 z,Archetype changed; biggest standardized shifts: BLK down 1.38 z; 2PA up 1.37 z; FT up 1.25 z; 2P up 1.24 z; FGA up 1.20 z
Andrew Nembhard,Low-Usage Role Players,Perimeter Shooters and Secondary Guards,TRUE,4,2,STL down 1.08 z; 3P up 0.91 z; FT up 0.82 z; AST up 0.78 z; FTA up 0.77 z,Archetype changed; biggest standardized shifts: STL down 1.08 z; 3P up 0.91 z; FT up 0.82 z; AST up 0.78 z; FTA up 0.77 z
Andrew Wiggins,Perimeter Shooters and Secondary Guards,Defensive Rim Protectors,TRUE,2,1,PF up 1.39 z; FTA down 0.74 z; FT down 0.64 z; BLK up 0.60 z; STL up 0.58 z,Archetype changed; biggest standardized shifts: PF up 1.39 z; FTA down 0.74 z; FT down 0.64 z; BLK up 0.60 z; STL up 0.58 z
Anfernee Simons,Perimeter Shooters and Secondary Guards,Low-Usage Role Players,TRUE,2,4,FGA down 1.65 z; AST down 1.41 z; TOV down 1.34 z; FG down 1.33 z; 3PA down 1.33 z,Archetype changed; biggest standardized shifts: FGA down 1.65 z; AST down 1.41 z; TOV down 1.34 z; FG down 1.33 z; 3PA down 1.33 z
Anthony Black,Low-Usage Role Players,Perimeter Shooters and Secondary Guards,TRUE,4,2,3PA up 0.66 z; 3P up 0.64 z; FG up 0.58 z; FGA up 0.53 z; 2P up 0.32 z,Archetype changed; biggest standardized shifts: 3PA up 0.66 z; 3P up 0.64 z; FG up 0.58 z; FGA up 0.53 z; 2P up 0.32 z
Austin Reaves,Primary Shot Creators,Perimeter Shooters and Secondary Guards,TRUE,7,2,3P down 1.31 z; 3PA down 1.27 z; PF down 0.98 z; STL down 0.97 z; AST down 0.97 z,Archetype changed; biggest standardized shifts: 3P down 1.31 z; 3PA down 1.27 z; PF down 0.98 z; STL down 0.97 z; AST down 0.97 z
Ayo Dosunmu,Low-Usage Role Players,Perimeter Shooters and Secondary Guards,TRUE,4,2,FG up 1.14 z; FGA up 1.02 z; 3P up 0.98 z; 2PA up 0.90 z; 2P up 0.77 z,Archetype changed; biggest standardized shifts: FG up 1.14 z; FGA up 1.02 z; 3P up 0.98 z; 2PA up 0.90 z; 2P up 0.77 z
Bennedict Mathurin,Versatile Two-Way Forwards,Perimeter Shooters and Secondary Guards,TRUE,6,2,FG down 0.69 z; PF down 0.68 z; FGA down 0.62 z; 2P down 0.57 z; ORB down 0.56 z,Archetype changed; biggest standardized shifts: FG down 0.69 z; PF down 0.68 z; FGA down 0.62 z; 2P down 0.57 z; ORB down 0.56 z
Brandin Podziemski,Low-Usage Role Players,Perimeter Shooters and Secondary Guards,TRUE,4,2,FTA up 1.13 z; PF up 1.12 z; FT up 1.11 z; TOV up 0.97 z; FGA up 0.83 z,Archetype changed; biggest standardized shifts: FTA up 1.13 z; PF up 1.12 z; FT up 1.11 z; TOV up 0.97 z; FGA up 0.83 z
Cameron Johnson,Perimeter Shooters and Secondary Guards,Low-Usage Role Players,TRUE,2,4,FT down 1.04 z; 3PA down 0.96 z; FGA down 0.94 z; FG down 0.88 z; FTA down 0.88 z,Archetype changed; biggest standardized shifts: FT down 1.04 z; 3PA down 0.96 z; FGA down 0.94 z; FG down 0.88 z; FTA down 0.88 z
Christian Braun,Versatile Two-Way Forwards,Low-Usage Role Players,TRUE,6,4,STL down 2.12 z; FG down 1.89 z; PF down 1.73 z; 2P down 1.71 z; 2PA down 1.51 z,Archetype changed; biggest standardized shifts: STL down 2.12 z; FG down 1.89 z; PF down 1.73 z; 2P down 1.71 z; 2PA down 1.51 z
Coby White,Primary Shot Creators,Low-Usage Role Players,TRUE,7,4,STL down 1.72 z; FGA down 1.72 z; 3PA down 1.64 z; 3P down 1.60 z; FG down 1.57 z,Archetype changed; biggest standardized shifts: STL down 1.72 z; FGA down 1.72 z; 3PA down 1.64 z; 3P down 1.60 z; FG down 1.57 z
Darius Garland,Primary Shot Creators,Low-Usage Role Players,TRUE,7,4,STL down 1.80 z; FGA down 1.74 z; FG down 1.68 z; PF down 1.45 z; 3P down 1.43 z,Archetype changed; biggest standardized shifts: STL down 1.80 z; FGA down 1.74 z; FG down 1.68 z; PF down 1.45 z; 3P down 1.43 z
De'Andre Hunter,Perimeter Shooters and Secondary Guards,Low-Usage Role Players,TRUE,2,4,3P down 1.27 z; PF down 1.07 z; FG down 1.04 z; FGA down 0.91 z; 3PA down 0.87 z,Archetype changed; biggest standardized shifts: 3P down 1.27 z; PF down 1.07 z; FG down 1.04 z; FGA down 0.91 z; 3PA down 0.87 z
Deni Avdija,Versatile Two-Way Forwards,Primary Shot Creators,TRUE,6,7,FT up 1.90 z; FTA up 1.86 z; AST up 1.11 z; TOV up 0.95 z; FGA up 0.76 z,Archetype changed; biggest standardized shifts: FT up 1.90 z; FTA up 1.86 z; AST up 1.11 z; TOV up 0.95 z; FGA up 0.76 z
Dennis Schröder,Perimeter Shooters and Secondary Guards,Low-Usage Role Players,TRUE,2,4,PF down 1.71 z; 3PA down 0.87 z; 3P down 0.79 z; FGA down 0.68 z; FG down 0.58 z,Archetype changed; biggest standardized shifts: PF down 1.71 z; 3PA down 0.87 z; 3P down 0.79 z; FGA down 0.68 z; FG down 0.58 z
Devin Vassell,Perimeter Shooters and Secondary Guards,Low-Usage Role Players,TRUE,2,4,STL down 0.93 z; 2PA down 0.60 z; 2P down 0.56 z; TOV down 0.48 z; FGA down 0.46 z,Archetype changed; biggest standardized shifts: STL down 0.93 z; 2PA down 0.60 z; 2P down 0.56 z; TOV down 0.48 z; FGA down 0.46 z
Donte DiVincenzo,Low-Usage Role Players,Perimeter Shooters and Secondary Guards,TRUE,4,2,PF up 2.08 z; STL up 1.32 z; 3PA up 1.30 z; 3P up 1.14 z; FGA up 0.84 z,Archetype changed; biggest standardized shifts: PF up 2.08 z; STL up 1.32 z; 3PA up 1.30 z; 3P up 1.14 z; FGA up 0.84 z
Draymond Green,Defensive Rim Protectors,Low-Usage Role Players,TRUE,1,4,STL down 1.48 z; BLK down 0.97 z; PF down 0.55 z; FTA down 0.52 z; 3PA up 0.42 z,Archetype changed; biggest standardized shifts: STL down 1.48 z; BLK down 0.97 z; PF down 0.55 z; FTA down 0.52 z; 3PA up 0.42 z
Duncan Robinson,Low-Usage Role Players,Perimeter Shooters and Secondary Guards,TRUE,4,2,PF up 0.86 z; BLK up 0.57 z; TOV down 0.56 z; 3P up 0.53 z; FTA up 0.43 z,Archetype changed; biggest standardized shifts: PF up 0.86 z; BLK up 0.57 z; TOV down 0.56 z; 3P up 0.53 z; FTA up 0.43 z
Evan Mobley,Interior Bigs,Defensive Rim Protectors,TRUE,3,1,STL down 0.61 z; DRB down 0.51 z; TRB down 0.42 z; PF up 0.38 z; TOV down 0.37 z,Archetype changed; biggest standardized shifts: STL down 0.61 z; DRB down 0.51 z; TRB down 0.42 z; PF up 0.38 z; TOV down 0.37 z
Ivica Zubac,Interior Bigs,Defensive Rim Protectors,TRUE,3,1,TRB down 2.82 z; DRB down 2.81 z; ORB down 2.32 z; 2P down 2.27 z; FG down 2.10 z,Archetype changed; biggest standardized shifts: TRB down 2.82 z; DRB down 2.81 z; ORB down 2.32 z; 2P down 2.27 z; FG down 2.10 z
Jabari Smith Jr.,Low-Usage Role Players,Defensive Rim Protectors,TRUE,4,1,PF up 1.75 z; FGA up 1.40 z; FG up 1.32 z; 3PA up 1.29 z; 3P up 1.25 z,Archetype changed; biggest standardized shifts: PF up 1.75 z; FGA up 1.40 z; FG up 1.32 z; 3PA up 1.29 z; 3P up 1.25 z
Jakob Poeltl,Defensive Rim Protectors,Low-Usage Role Players,TRUE,1,4,BLK down 1.29 z; TRB down 1.26 z; ORB down 1.25 z; DRB down 1.16 z; 2PA down 1.16 z,Archetype changed; biggest standardized shifts: BLK down 1.29 z; TRB down 1.26 z; ORB down 1.25 z; DRB down 1.16 z; 2PA down 1.16 z
Jamal Murray,Versatile Two-Way Forwards,Primary Shot Creators,TRUE,6,7,3P up 1.45 z; FT up 1.21 z; FTA up 1.14 z; 3PA up 1.03 z; STL down 0.92 z,Archetype changed; biggest standardized shifts: 3P up 1.45 z; FT up 1.21 z; FTA up 1.14 z; 3PA up 1.03 z; STL down 0.92 z
Jaren Jackson Jr.,Versatile Two-Way Forwards,Defensive Rim Protectors,TRUE,6,1,PF down 2.00 z; FG down 1.73 z; FGA down 1.71 z; FTA down 1.55 z; STL down 1.53 z,Archetype changed; biggest standardized shifts: PF down 2.00 z; FG down 1.73 z; FGA down 1.71 z; FTA down 1.55 z; STL down 1.53 z
Jarrett Allen,Interior Bigs,Defensive Rim Protectors,TRUE,3,1,DRB down 1.94 z; TRB down 1.81 z; ORB down 1.19 z; BLK down 0.94 z; 2P down 0.87 z,Archetype changed; biggest standardized shifts: DRB down 1.94 z; TRB down 1.81 z; ORB down 1.19 z; BLK down 0.94 z; 2P down 0.87 z
Jaylen Brown,Versatile Two-Way Forwards,Primary Shot Creators,TRUE,6,7,FT up 1.72 z; FTA up 1.67 z; TOV up 1.62 z; 2PA up 1.62 z; FG up 1.52 z,Archetype changed; biggest standardized shifts: FT up 1.72 z; FTA up 1.67 z; TOV up 1.62 z; 2PA up 1.62 z; FG up 1.52 z
Jerami Grant,Low-Usage Role Players,Perimeter Shooters and Secondary Guards,TRUE,4,2,FTA up 1.21 z; FT up 1.16 z; TOV up 0.95 z; PF up 0.84 z; FG up 0.80 z,Archetype changed; biggest standardized shifts: FTA up 1.21 z; FT up 1.16 z; TOV up 0.95 z; PF up 0.84 z; FG up 0.80 z
Josh Giddey,Versatile Two-Way Forwards,Perimeter Shooters and Secondary Guards,TRUE,6,2,Trp-Dbl down 2.27 z; STL down 1.17 z; ORB down 1.05 z; PF down 0.76 z; TRB down 0.66 z,Archetype changed; biggest standardized shifts: Trp-Dbl down 2.27 z; STL down 1.17 z; ORB down 1.05 z; PF down 0.76 z; TRB down 0.66 z
Josh Hart,Interior Bigs,Defensive Rim Protectors,TRUE,3,1,Trp-Dbl down 2.92 z; STL down 1.82 z; TRB down 1.40 z; DRB down 1.39 z; ORB down 1.16 z,Archetype changed; biggest standardized shifts: Trp-Dbl down 2.92 z; STL down 1.82 z; TRB down 1.40 z; DRB down 1.39 z; ORB down 1.16 z
Jrue Holiday,Low-Usage Role Players,Perimeter Shooters and Secondary Guards,TRUE,4,2,TOV up 1.24 z; BLK down 0.72 z; AST up 0.58 z; PF down 0.54 z; STL down 0.51 z,Archetype changed; biggest standardized shifts: TOV up 1.24 z; BLK down 0.72 z; AST up 0.58 z; PF down 0.54 z; STL down 0.51 z
Kelly Oubre Jr.,Defensive Rim Protectors,Low-Usage Role Players,TRUE,1,4,PF down 1.38 z; STL down 0.86 z; 2PA down 0.84 z; 2P down 0.80 z; ORB down 0.80 z,Archetype changed; biggest standardized shifts: PF down 1.38 z; STL down 0.86 z; 2PA down 0.84 z; 2P down 0.80 z; ORB down 0.80 z
Kevin Durant,Versatile Two-Way Forwards,Primary Shot Creators,TRUE,6,7,TOV up 1.03 z; FT up 0.98 z; PF up 0.92 z; FG up 0.87 z; FGA up 0.86 z,Archetype changed; biggest standardized shifts: TOV up 1.03 z; FT up 0.98 z; PF up 0.92 z; FG up 0.87 z; FGA up 0.86 z
Kyle Kuzma,Perimeter Shooters and Secondary Guards,Low-Usage Role Players,TRUE,2,4,FGA down 0.55 z; TOV down 0.50 z; STL up 0.48 z; DRB down 0.47 z; 3PA down 0.44 z,Archetype changed; biggest standardized shifts: FGA down 0.55 z; TOV down 0.50 z; STL up 0.48 z; DRB down 0.47 z; 3PA down 0.44 z
LaMelo Ball,Perimeter Shooters and Secondary Guards,Primary Shot Creators,TRUE,2,7,3P up 1.50 z; 3PA up 1.33 z; STL up 1.27 z; AST up 1.14 z; PF up 0.94 z,Archetype changed; biggest standardized shifts: 3P up 1.50 z; 3PA up 1.33 z; STL up 1.27 z; AST up 1.14 z; PF up 0.94 z
Lauri Markkanen,Low-Usage Role Players,Perimeter Shooters and Secondary Guards,TRUE,4,2,2P up 0.83 z; 2PA up 0.79 z; FT up 0.74 z; FTA up 0.66 z; FG up 0.59 z,Archetype changed; biggest standardized shifts: 2P up 0.83 z; 2PA up 0.79 z; FT up 0.74 z; FTA up 0.66 z; FG up 0.59 z
LeBron James,Primary Shot Creators,Versatile Two-Way Forwards,TRUE,7,6,Trp-Dbl down 3.24 z; TOV down 1.39 z; FG down 1.22 z; FGA down 1.22 z; DRB down 1.16 z,Archetype changed; biggest standardized shifts: Trp-Dbl down 3.24 z; TOV down 1.39 z; FG down 1.22 z; FGA down 1.22 z; DRB down 1.16 z
Michael Porter Jr.,Versatile Two-Way Forwards,Perimeter Shooters and Secondary Guards,TRUE,6,2,ORB down 1.19 z; PF down 1.07 z; TRB down 0.96 z; DRB down 0.81 z; BLK down 0.74 z,Archetype changed; biggest standardized shifts: ORB down 1.19 z; PF down 1.07 z; TRB down 0.96 z; DRB down 0.81 z; BLK down 0.74 z
Mikal Bridges,Versatile Two-Way Forwards,Perimeter Shooters and Secondary Guards,TRUE,6,2,STL up 1.24 z; PF up 0.93 z; TOV down 0.87 z; 2P down 0.81 z; FG down 0.80 z,Archetype changed; biggest standardized shifts: STL up 1.24 z; PF up 0.93 z; TOV down 0.87 z; 2P down 0.81 z; FG down 0.80 z
Naji Marshall,Low-Usage Role Players,Versatile Two-Way Forwards,TRUE,4,6,FTA up 1.14 z; FT up 0.95 z; PF up 0.79 z; 2PA up 0.49 z; STL up 0.45 z,Archetype changed; biggest standardized shifts: FTA up 1.14 z; FT up 0.95 z; PF up 0.79 z; 2PA up 0.49 z; STL up 0.45 z
Nickeil Alexander-Walker,Low-Usage Role Players,Primary Shot Creators,TRUE,4,7,STL up 2.01 z; FGA up 2.00 z; FG up 1.90 z; FT up 1.80 z; 3P up 1.72 z,Archetype changed; biggest standardized shifts: STL up 2.01 z; FGA up 2.00 z; FG up 1.90 z; FT up 1.80 z; 3P up 1.72 z
Nikola Jokić,Superstar Offensive Hubs,Interior Bigs,TRUE,5,3,Trp-Dbl down 11.03 z; STL down 1.41 z; FG down 0.98 z; 2P down 0.86 z; 2PA down 0.84 z,Archetype changed; biggest standardized shifts: Trp-Dbl down 11.03 z; STL down 1.41 z; FG down 0.98 z; 2P down 0.86 z; 2PA down 0.84 z
Nikola Vučević,Interior Bigs,Defensive Rim Protectors,TRUE,3,1,DRB down 1.14 z; TRB down 1.11 z; FG down 1.06 z; 2P down 0.94 z; STL down 0.88 z,Archetype changed; biggest standardized shifts: DRB down 1.14 z; TRB down 1.11 z; FG down 1.06 z; 2P down 0.94 z; STL down 0.88 z
OG Anunoby,Versatile Two-Way Forwards,Perimeter Shooters and Secondary Guards,TRUE,6,2,FGA down 0.77 z; 2PA down 0.74 z; FG down 0.69 z; 2P down 0.62 z; BLK down 0.60 z,Archetype changed; biggest standardized shifts: FGA down 0.77 z; 2PA down 0.74 z; FG down 0.69 z; 2P down 0.62 z; BLK down 0.60 z
RJ Barrett,Versatile Two-Way Forwards,Perimeter Shooters and Secondary Guards,TRUE,6,2,TOV down 1.18 z; AST down 0.87 z; Trp-Dbl down 0.65 z; 2PA down 0.61 z; FGA down 0.58 z,Archetype changed; biggest standardized shifts: TOV down 1.18 z; AST down 0.87 z; Trp-Dbl down 0.65 z; 2PA down 0.61 z; FGA down 0.58 z
Russell Westbrook,Versatile Two-Way Forwards,Perimeter Shooters and Secondary Guards,TRUE,6,2,Trp-Dbl down 1.30 z; PF down 1.03 z; STL down 0.89 z; BLK down 0.80 z; 3PA up 0.54 z,Archetype changed; biggest standardized shifts: Trp-Dbl down 1.30 z; PF down 1.03 z; STL down 0.89 z; BLK down 0.80 z; 3PA up 0.54 z
Scottie Barnes,Versatile Two-Way Forwards,Interior Bigs,TRUE,6,3,PF up 2.39 z; BLK up 1.89 z; 2P up 0.79 z; STL up 0.74 z; ORB up 0.73 z,Archetype changed; biggest standardized shifts: PF up 2.39 z; BLK up 1.89 z; 2P up 0.79 z; STL up 0.74 z; ORB up 0.73 z
Shaedon Sharpe,Versatile Two-Way Forwards,Perimeter Shooters and Secondary Guards,TRUE,6,2,3PA down 1.04 z; FGA down 0.81 z; FG down 0.75 z; DRB down 0.70 z; 3P down 0.66 z,Archetype changed; biggest standardized shifts: 3PA down 1.04 z; FGA down 0.81 z; FG down 0.75 z; DRB down 0.70 z; 3P down 0.66 z
Stephen Curry,Primary Shot Creators,Perimeter Shooters and Secondary Guards,TRUE,7,2,3P down 1.93 z; 3PA down 1.85 z; FGA down 1.59 z; AST down 1.51 z; TOV down 1.38 z,Archetype changed; biggest standardized shifts: 3P down 1.93 z; 3PA down 1.85 z; FGA down 1.59 z; AST down 1.51 z; TOV down 1.38 z
Tari Eason,Defensive Rim Protectors,Low-Usage Role Players,TRUE,1,4,STL down 0.98 z; BLK down 0.66 z; 3P up 0.52 z; 3PA up 0.46 z; 2P down 0.44 z,Archetype changed; biggest standardized shifts: STL down 0.98 z; BLK down 0.66 z; 3P up 0.52 z; 3PA up 0.46 z; 2P down 0.44 z
Tim Hardaway Jr.,Low-Usage Role Players,Perimeter Shooters and Secondary Guards,TRUE,4,2,3P up 0.89 z; 3PA up 0.59 z; FG up 0.52 z; FTA up 0.44 z; FT up 0.34 z,Archetype changed; biggest standardized shifts: 3P up 0.89 z; 3PA up 0.59 z; FG up 0.52 z; FTA up 0.44 z; FT up 0.34 z
Tobias Harris,Defensive Rim Protectors,Low-Usage Role Players,TRUE,1,4,BLK down 1.06 z; PF down 0.78 z; DRB down 0.74 z; STL down 0.68 z; TRB down 0.62 z,Archetype changed; biggest standardized shifts: BLK down 1.06 z; PF down 0.78 z; DRB down 0.74 z; STL down 0.68 z; TRB down 0.62 z
Toumani Camara,Defensive Rim Protectors,Perimeter Shooters and Secondary Guards,TRUE,1,2,3PA up 1.43 z; 3P up 1.37 z; STL down 1.01 z; ORB down 0.71 z; TOV up 0.67 z,Archetype changed; biggest standardized shifts: 3PA up 1.43 z; 3P up 1.37 z; STL down 1.01 z; ORB down 0.71 z; TOV up 0.67 z
Tyrese Maxey,Perimeter Shooters and Secondary Guards,Primary Shot Creators,TRUE,2,7,STL up 1.64 z; FG up 1.49 z; FGA up 1.41 z; 2PA up 1.25 z; 2P up 1.19 z,Archetype changed; biggest standardized shifts: STL up 1.64 z; FG up 1.49 z; FGA up 1.41 z; 2PA up 1.25 z; 2P up 1.19 z
Victor Wembanyama,Defensive Rim Protectors,Interior Bigs,TRUE,1,3,FTA up 2.05 z; FT up 2.04 z; DRB up 1.42 z; TRB up 1.29 z; PF up 1.22 z,Archetype changed; biggest standardized shifts: FTA up 2.05 z; FT up 2.04 z; DRB up 1.42 z; TRB up 1.29 z; PF up 1.22 z
Aaron Nesmith,Low-Usage Role Players,Low-Usage Role Players,FALSE,4,4,3PA up 0.52 z; FGA up 0.46 z; TOV up 0.45 z; STL down 0.31 z; 3P up 0.31 z,Archetype stayed the same; biggest standardized shifts: 3PA up 0.52 z; FGA up 0.46 z; TOV up 0.45 z; STL down 0.31 z; 3P up 0.31 z
Alex Sarr,Defensive Rim Protectors,Defensive Rim Protectors,FALSE,1,1,3PA down 1.19 z; PF down 1.02 z; 3P down 0.90 z; FGA down 0.59 z; TOV down 0.56 z,Archetype stayed the same; biggest standardized shifts: 3PA down 1.19 z; PF down 1.02 z; 3P down 0.90 z; FGA down 0.59 z; TOV down 0.56 z
Alperen Şengün,Interior Bigs,Interior Bigs,FALSE,3,3,Trp-Dbl down 1.30 z; TRB down 0.82 z; ORB down 0.78 z; DRB down 0.76 z; PF up 0.72 z,Archetype stayed the same; biggest standardized shifts: Trp-Dbl down 1.30 z; TRB down 0.82 z; ORB down 0.78 z; DRB down 0.76 z; PF up 0.72 z
Anthony Edwards,Primary Shot Creators,Primary Shot Creators,FALSE,7,7,3PA down 1.86 z; 3P down 1.78 z; FGA down 1.31 z; TOV down 1.25 z; DRB down 0.93 z,Archetype stayed the same; biggest standardized shifts: 3PA down 1.86 z; 3P down 1.78 z; FGA down 1.31 z; TOV down 1.25 z; DRB down 0.93 z
Bam Adebayo,Interior Bigs,Interior Bigs,FALSE,3,3,3PA up 1.12 z; PF down 0.95 z; TOV down 0.77 z; FTA up 0.76 z; FT up 0.74 z,Archetype stayed the same; biggest standardized shifts: 3PA up 1.12 z; PF down 0.95 z; TOV down 0.77 z; FTA up 0.76 z; FT up 0.74 z
Bilal Coulibaly,Low-Usage Role Players,Low-Usage Role Players,FALSE,4,4,TOV down 0.81 z; ORB down 0.69 z; BLK up 0.50 z; AST down 0.37 z; Trp-Dbl down 0.32 z,Archetype stayed the same; biggest standardized shifts: TOV down 0.81 z; ORB down 0.69 z; BLK up 0.50 z; AST down 0.37 z; Trp-Dbl down 0.32 z
Bobby Portis,Low-Usage Role Players,Low-Usage Role Players,FALSE,4,4,3P up 1.09 z; 3PA up 0.73 z; FG up 0.63 z; FGA up 0.54 z; BLK down 0.42 z,Archetype stayed the same; biggest standardized shifts: 3P up 1.09 z; 3PA up 0.73 z; FG up 0.63 z; FGA up 0.54 z; BLK down 0.42 z
Bub Carrington,Perimeter Shooters and Secondary Guards,Perimeter Shooters and Secondary Guards,FALSE,2,2,TOV up 0.83 z; 3P up 0.54 z; DRB down 0.48 z; TRB down 0.35 z; PF down 0.24 z,Archetype stayed the same; biggest standardized shifts: TOV up 0.83 z; 3P up 0.54 z; DRB down 0.48 z; TRB down 0.35 z; PF down 0.24 z
CJ McCollum,Perimeter Shooters and Secondary Guards,Perimeter Shooters and Secondary Guards,FALSE,2,2,STL up 0.58 z; FT up 0.56 z; FG up 0.55 z; FGA up 0.54 z; TOV up 0.53 z,Archetype stayed the same; biggest standardized shifts: STL up 0.58 z; FT up 0.56 z; FG up 0.55 z; FGA up 0.54 z; TOV up 0.53 z
Cade Cunningham,Primary Shot Creators,Primary Shot Creators,FALSE,7,7,Trp-Dbl down 2.92 z; TOV down 1.25 z; FGA down 0.92 z; FG down 0.92 z; 2PA down 0.92 z,Archetype stayed the same; biggest standardized shifts: Trp-Dbl down 2.92 z; TOV down 1.25 z; FGA down 0.92 z; FG down 0.92 z; 2PA down 0.92 z
Cason Wallace,Low-Usage Role Players,Low-Usage Role Players,FALSE,4,4,STL up 1.03 z; 3PA up 0.48 z; 3P up 0.41 z; FGA up 0.33 z; FTA up 0.26 z,Archetype stayed the same; biggest standardized shifts: STL up 1.03 z; 3PA up 0.48 z; 3P up 0.41 z; FGA up 0.33 z; FTA up 0.26 z
Davion Mitchell,Low-Usage Role Players,Low-Usage Role Players,FALSE,4,4,AST up 0.63 z; TOV down 0.40 z; FG up 0.25 z; 2P up 0.22 z; FGA up 0.19 z,Archetype stayed the same; biggest standardized shifts: AST up 0.63 z; TOV down 0.40 z; FG up 0.25 z; 2P up 0.22 z; FGA up 0.19 z
De'Aaron Fox,Versatile Two-Way Forwards,Versatile Two-Way Forwards,FALSE,6,6,FT down 0.72 z; FTA down 0.58 z; 2PA down 0.55 z; FGA down 0.41 z; AST up 0.38 z,Archetype stayed the same; biggest standardized shifts: FT down 0.72 z; FTA down 0.58 z; 2PA down 0.55 z; FGA down 0.41 z; AST up 0.38 z
DeMar DeRozan,Versatile Two-Way Forwards,Versatile Two-Way Forwards,FALSE,6,6,FGA down 1.04 z; FG down 0.85 z; 2PA down 0.85 z; 3PA down 0.68 z; 2P down 0.64 z,Archetype stayed the same; biggest standardized shifts: FGA down 1.04 z; FG down 0.85 z; 2PA down 0.85 z; 3PA down 0.68 z; 2P down 0.64 z
Derrick Jones Jr.,Low-Usage Role Players,Low-Usage Role Players,FALSE,4,4,STL down 1.33 z; PF down 1.21 z; FG down 0.83 z; 2P down 0.72 z; FGA down 0.72 z,Archetype stayed the same; biggest standardized shifts: STL down 1.33 z; PF down 1.21 z; FG down 0.83 z; 2P down 0.72 z; FGA down 0.72 z
Derrick White,Perimeter Shooters and Secondary Guards,Perimeter Shooters and Secondary Guards,FALSE,2,2,3P down 0.90 z; 2PA up 0.87 z; BLK up 0.67 z; PF down 0.57 z; 2P up 0.54 z,Archetype stayed the same; biggest standardized shifts: 3P down 0.90 z; 2PA up 0.87 z; BLK up 0.67 z; PF down 0.57 z; 2P up 0.54 z
Desmond Bane,Versatile Two-Way Forwards,Versatile Two-Way Forwards,FALSE,6,6,PF up 2.27 z; FT up 1.29 z; FTA up 1.16 z; DRB down 0.91 z; 2PA up 0.77 z,Archetype stayed the same; biggest standardized shifts: PF up 2.27 z; FT up 1.29 z; FTA up 1.16 z; DRB down 0.91 z; 2PA up 0.77 z
Devin Booker,Primary Shot Creators,Primary Shot Creators,FALSE,7,7,3PA down 1.12 z; AST down 1.00 z; 3P down 0.97 z; PF down 0.79 z; FGA down 0.77 z,Archetype stayed the same; biggest standardized shifts: 3PA down 1.12 z; AST down 1.00 z; 3P down 0.97 z; PF down 0.79 z; FGA down 0.77 z
Dillon Brooks,Perimeter Shooters and Secondary Guards,Perimeter Shooters and Secondary Guards,FALSE,2,2,PF down 1.44 z; 3P down 0.90 z; 2PA up 0.70 z; 2P up 0.70 z; FT up 0.66 z,Archetype stayed the same; biggest standardized shifts: PF down 1.44 z; 3P down 0.90 z; 2PA up 0.70 z; 2P up 0.70 z; FT up 0.66 z
Donovan Mitchell,Primary Shot Creators,Primary Shot Creators,FALSE,7,7,TOV up 0.82 z; 2P up 0.77 z; FT up 0.70 z; FG up 0.65 z; PF up 0.53 z,Archetype stayed the same; biggest standardized shifts: TOV up 0.82 z; 2P up 0.77 z; FT up 0.70 z; FG up 0.65 z; PF up 0.53 z
Dyson Daniels,Versatile Two-Way Forwards,Versatile Two-Way Forwards,FALSE,6,6,STL down 3.01 z; ORB up 0.99 z; 3P down 0.90 z; BLK down 0.82 z; AST up 0.80 z,Archetype stayed the same; biggest standardized shifts: STL down 3.01 z; ORB up 0.99 z; 3P down 0.90 z; BLK down 0.82 z; AST up 0.80 z
Grayson Allen,Low-Usage Role Players,Low-Usage Role Players,FALSE,4,4,STL up 0.68 z; 3PA up 0.65 z; FGA up 0.62 z; PF up 0.56 z; FT up 0.48 z,Archetype stayed the same; biggest standardized shifts: STL up 0.68 z; 3PA up 0.65 z; FGA up 0.62 z; PF up 0.56 z; FT up 0.48 z
Harrison Barnes,Low-Usage Role Players,Low-Usage Role Players,FALSE,4,4,FTA down 0.60 z; ORB down 0.60 z; FG down 0.59 z; FT down 0.58 z; TRB down 0.53 z,Archetype stayed the same; biggest standardized shifts: FTA down 0.60 z; ORB down 0.60 z; FG down 0.59 z; FT down 0.58 z; TRB down 0.53 z
Isaiah Collier,Low-Usage Role Players,Low-Usage Role Players,FALSE,4,4,TOV down 1.05 z; DRB down 0.56 z; TRB down 0.49 z; FT up 0.46 z; 3PA down 0.43 z,Archetype stayed the same; biggest standardized shifts: TOV down 1.05 z; DRB down 0.56 z; TRB down 0.49 z; FT up 0.46 z; 3PA down 0.43 z
Isaiah Hartenstein,Defensive Rim Protectors,Defensive Rim Protectors,FALSE,1,1,PF down 1.35 z; DRB down 1.17 z; TRB down 0.95 z; BLK down 0.81 z; 2PA down 0.75 z,Archetype stayed the same; biggest standardized shifts: PF down 1.35 z; DRB down 1.17 z; TRB down 0.95 z; BLK down 0.81 z; 2PA down 0.75 z
Jaden McDaniels,Defensive Rim Protectors,Defensive Rim Protectors,FALSE,1,1,STL down 1.16 z; ORB down 0.95 z; TRB down 0.92 z; DRB down 0.83 z; TOV up 0.63 z,Archetype stayed the same; biggest standardized shifts: STL down 1.16 z; ORB down 0.95 z; TRB down 0.92 z; DRB down 0.83 z; TOV up 0.63 z
Jalen Brunson,Primary Shot Creators,Primary Shot Creators,FALSE,7,7,FGA up 0.94 z; PF up 0.81 z; 3PA up 0.80 z; FG up 0.71 z; 3P up 0.64 z,Archetype stayed the same; biggest standardized shifts: FGA up 0.94 z; PF up 0.81 z; 3PA up 0.80 z; FG up 0.71 z; 3P up 0.64 z
Jalen Duren,Interior Bigs,Interior Bigs,FALSE,3,3,FT up 1.53 z; FTA up 1.46 z; PF down 1.38 z; 2PA up 1.12 z; 2P up 1.10 z,Archetype stayed the same; biggest standardized shifts: FT up 1.53 z; FTA up 1.46 z; PF down 1.38 z; 2PA up 1.12 z; 2P up 1.10 z
James Harden,Primary Shot Creators,Primary Shot Creators,FALSE,7,7,TOV down 1.67 z; STL down 1.61 z; Trp-Dbl down 0.97 z; BLK down 0.90 z; AST down 0.88 z,Archetype stayed the same; biggest standardized shifts: TOV down 1.67 z; STL down 1.61 z; Trp-Dbl down 0.97 z; BLK down 0.90 z; AST down 0.88 z
Jaylen Wells,Low-Usage Role Players,Low-Usage Role Players,FALSE,4,4,STL up 0.71 z; ORB down 0.42 z; FTA up 0.30 z; TRB down 0.27 z; 2PA up 0.20 z,Archetype stayed the same; biggest standardized shifts: STL up 0.71 z; ORB down 0.42 z; FTA up 0.30 z; TRB down 0.27 z; 2PA up 0.20 z
Julius Randle,Versatile Two-Way Forwards,Versatile Two-Way Forwards,FALSE,6,6,STL up 1.56 z; FTA up 1.29 z; FT up 1.19 z; PF up 1.16 z; 2PA up 1.02 z,Archetype stayed the same; biggest standardized shifts: STL up 1.56 z; FTA up 1.29 z; FT up 1.19 z; PF up 1.16 z; 2PA up 1.02 z
Karl-Anthony Towns,Interior Bigs,Interior Bigs,FALSE,3,3,FG down 0.84 z; 2P down 0.69 z; 2PA down 0.65 z; FGA down 0.62 z; 3P down 0.47 z,Archetype stayed the same; biggest standardized shifts: FG down 0.84 z; 2P down 0.69 z; 2PA down 0.65 z; FGA down 0.62 z; 3P down 0.47 z
Keyonte George,Perimeter Shooters and Secondary Guards,Perimeter Shooters and Secondary Guards,FALSE,2,2,FT up 0.97 z; 3PA down 0.90 z; FTA up 0.74 z; 2P up 0.63 z; 3P down 0.62 z,Archetype stayed the same; biggest standardized shifts: FT up 0.97 z; 3PA down 0.90 z; FTA up 0.74 z; 2P up 0.63 z; 3P down 0.62 z
Kris Dunn,Low-Usage Role Players,Low-Usage Role Players,FALSE,4,4,TOV up 0.71 z; AST up 0.59 z; FT up 0.48 z; FTA up 0.48 z; BLK down 0.35 z,Archetype stayed the same; biggest standardized shifts: TOV up 0.71 z; AST up 0.59 z; FT up 0.48 z; FTA up 0.48 z; BLK down 0.35 z
Kyshawn George,Low-Usage Role Players,Low-Usage Role Players,FALSE,4,4,PF down 0.83 z; STL down 0.78 z; 3PA down 0.59 z; 2PA up 0.54 z; TOV up 0.48 z,Archetype stayed the same; biggest standardized shifts: PF down 0.83 z; STL down 0.78 z; 3PA down 0.59 z; 2PA up 0.54 z; TOV up 0.48 z
Luguentz Dort,Low-Usage Role Players,Low-Usage Role Players,FALSE,4,4,PF down 0.72 z; STL down 0.66 z; 3P down 0.62 z; ORB down 0.57 z; FG down 0.40 z,Archetype stayed the same; biggest standardized shifts: PF down 0.72 z; STL down 0.66 z; 3P down 0.62 z; ORB down 0.57 z; FG down 0.40 z
Luka Dončić,Primary Shot Creators,Primary Shot Creators,FALSE,7,7,FTA up 1.99 z; FT up 1.88 z; Trp-Dbl down 1.62 z; FG up 1.59 z; FGA up 1.50 z,Archetype stayed the same; biggest standardized shifts: FTA up 1.99 z; FT up 1.88 z; Trp-Dbl down 1.62 z; FG up 1.59 z; FGA up 1.50 z
Max Christie,Low-Usage Role Players,Low-Usage Role Players,FALSE,4,4,3P up 0.98 z; 3PA up 0.82 z; STL down 0.70 z; FG up 0.49 z; FGA up 0.46 z,Archetype stayed the same; biggest standardized shifts: 3P up 0.98 z; 3PA up 0.82 z; STL down 0.70 z; FG up 0.49 z; FGA up 0.46 z
Miles Bridges,Versatile Two-Way Forwards,Versatile Two-Way Forwards,FALSE,6,6,PF up 0.95 z; TOV down 0.49 z; BLK down 0.47 z; Trp-Dbl down 0.32 z; DRB down 0.24 z,Archetype stayed the same; biggest standardized shifts: PF up 0.95 z; TOV down 0.49 z; BLK down 0.47 z; Trp-Dbl down 0.32 z; DRB down 0.24 z
Miles McBride,Low-Usage Role Players,Low-Usage Role Players,FALSE,4,4,STL down 1.18 z; PF down 0.96 z; AST down 0.55 z; FGA down 0.49 z; 2PA down 0.45 z,Archetype stayed the same; biggest standardized shifts: STL down 1.18 z; PF down 0.96 z; AST down 0.55 z; FGA down 0.49 z; 2PA down 0.45 z
Myles Turner,Defensive Rim Protectors,Defensive Rim Protectors,FALSE,1,1,BLK down 1.01 z; 2P down 0.74 z; FG down 0.73 z; 2PA down 0.67 z; TOV down 0.66 z,Archetype stayed the same; biggest standardized shifts: BLK down 1.01 z; 2P down 0.74 z; FG down 0.73 z; 2PA down 0.67 z; TOV down 0.66 z
Naz Reid,Defensive Rim Protectors,Defensive Rim Protectors,FALSE,1,1,STL up 0.74 z; TOV up 0.26 z; 3P down 0.21 z; FGA down 0.18 z; FT down 0.18 z,Archetype stayed the same; biggest standardized shifts: STL up 0.74 z; TOV up 0.26 z; 3P down 0.21 z; FGA down 0.18 z; FT down 0.18 z
Nic Claxton,Defensive Rim Protectors,Defensive Rim Protectors,FALSE,1,1,BLK down 0.80 z; AST up 0.68 z; FTA up 0.58 z; FT up 0.56 z; STL down 0.54 z,Archetype stayed the same; biggest standardized shifts: BLK down 0.80 z; AST up 0.68 z; FTA up 0.58 z; FT up 0.56 z; STL down 0.54 z
Norman Powell,Perimeter Shooters and Secondary Guards,Perimeter Shooters and Secondary Guards,FALSE,2,2,FT up 0.46 z; FTA up 0.43 z; STL down 0.36 z; 3P down 0.35 z; PF up 0.34 z,Archetype stayed the same; biggest standardized shifts: FT up 0.46 z; FTA up 0.43 z; STL down 0.36 z; 3P down 0.35 z; PF up 0.34 z
Onyeka Okongwu,Defensive Rim Protectors,Defensive Rim Protectors,FALSE,1,1,3PA up 1.47 z; 3P up 1.46 z; ORB down 1.35 z; PF up 1.29 z; TOV up 0.62 z,Archetype stayed the same; biggest standardized shifts: 3PA up 1.47 z; 3P up 1.46 z; ORB down 1.35 z; PF up 1.29 z; TOV up 0.62 z
P.J. Washington,Defensive Rim Protectors,Defensive Rim Protectors,FALSE,1,1,DRB down 0.40 z; TOV down 0.40 z; PF down 0.34 z; TRB down 0.28 z; STL down 0.27 z,Archetype stayed the same; biggest standardized shifts: DRB down 0.40 z; TOV down 0.40 z; PF down 0.34 z; TRB down 0.28 z; STL down 0.27 z
Paolo Banchero,Versatile Two-Way Forwards,Versatile Two-Way Forwards,FALSE,6,6,DRB up 1.73 z; FT up 1.66 z; FTA up 1.63 z; TOV up 1.51 z; TRB up 1.46 z,Archetype stayed the same; biggest standardized shifts: DRB up 1.73 z; FT up 1.66 z; FTA up 1.63 z; TOV up 1.51 z; TRB up 1.46 z
Pascal Siakam,Versatile Two-Way Forwards,Versatile Two-Way Forwards,FALSE,6,6,PF down 1.01 z; ORB down 0.78 z; TRB down 0.73 z; DRB down 0.65 z; BLK down 0.57 z,Archetype stayed the same; biggest standardized shifts: PF down 1.01 z; ORB down 0.78 z; TRB down 0.73 z; DRB down 0.65 z; BLK down 0.57 z
Payton Pritchard,Perimeter Shooters and Secondary Guards,Perimeter Shooters and Secondary Guards,FALSE,2,2,2PA up 1.25 z; 2P up 1.03 z; AST up 0.91 z; FGA up 0.78 z; FG up 0.67 z,Archetype stayed the same; biggest standardized shifts: 2PA up 1.25 z; 2P up 1.03 z; AST up 0.91 z; FGA up 0.78 z; FG up 0.67 z
Peyton Watson,Low-Usage Role Players,Low-Usage Role Players,FALSE,4,4,BLK down 1.11 z; TOV up 0.62 z; FG up 0.57 z; FGA up 0.54 z; 3P up 0.52 z,Archetype stayed the same; biggest standardized shifts: BLK down 1.11 z; TOV up 0.62 z; FG up 0.57 z; FGA up 0.54 z; 3P up 0.52 z
Quentin Grimes,Perimeter Shooters and Secondary Guards,Perimeter Shooters and Secondary Guards,FALSE,2,2,3P down 0.55 z; PF up 0.49 z; FT up 0.39 z; FG down 0.32 z; DRB down 0.31 z,Archetype stayed the same; biggest standardized shifts: 3P down 0.55 z; PF up 0.49 z; FT up 0.39 z; FG down 0.32 z; DRB down 0.31 z
Royce O'Neale,Low-Usage Role Players,Low-Usage Role Players,FALSE,4,4,STL up 0.74 z; PF up 0.71 z; TOV up 0.63 z; 3PA up 0.51 z; 3P up 0.50 z,Archetype stayed the same; biggest standardized shifts: STL up 0.74 z; PF up 0.71 z; TOV up 0.63 z; 3PA up 0.51 z; 3P up 0.50 z
Rudy Gobert,Interior Bigs,Interior Bigs,FALSE,3,3,BLK up 0.58 z; ORB up 0.53 z; TRB up 0.50 z; PF up 0.39 z; DRB up 0.39 z,Archetype stayed the same; biggest standardized shifts: BLK up 0.58 z; ORB up 0.53 z; TRB up 0.50 z; PF up 0.39 z; DRB up 0.39 z
Rui Hachimura,Low-Usage Role Players,Low-Usage Role Players,FALSE,4,4,ORB down 0.65 z; TRB down 0.40 z; FT down 0.38 z; FTA down 0.30 z; DRB down 0.25 z,Archetype stayed the same; biggest standardized shifts: ORB down 0.65 z; TRB down 0.40 z; FT down 0.38 z; FTA down 0.30 z; DRB down 0.25 z
Santi Aldama,Low-Usage Role Players,Low-Usage Role Players,FALSE,4,4,3P down 0.81 z; DRB down 0.79 z; 3PA down 0.77 z; TRB down 0.72 z; FGA down 0.59 z,Archetype stayed the same; biggest standardized shifts: 3P down 0.81 z; DRB down 0.79 z; 3PA down 0.77 z; TRB down 0.72 z; FGA down 0.59 z
Shai Gilgeous-Alexander,Primary Shot Creators,Primary Shot Creators,FALSE,7,7,STL down 1.40 z; FGA down 1.17 z; 2PA down 0.87 z; FG down 0.87 z; 3PA down 0.84 z,Archetype stayed the same; biggest standardized shifts: STL down 1.40 z; FGA down 1.17 z; 2PA down 0.87 z; FG down 0.87 z; 3PA down 0.84 z
Stephon Castle,Versatile Two-Way Forwards,Versatile Two-Way Forwards,FALSE,6,6,PF up 1.52 z; AST up 1.18 z; TOV up 0.70 z; FGA down 0.60 z; 3PA down 0.55 z,Archetype stayed the same; biggest standardized shifts: PF up 1.52 z; AST up 1.18 z; TOV up 0.70 z; FGA down 0.60 z; 3PA down 0.55 z
Trey Murphy III,Perimeter Shooters and Secondary Guards,Perimeter Shooters and Secondary Guards,FALSE,2,2,STL up 1.68 z; 3P up 0.84 z; 3PA up 0.81 z; FG up 0.79 z; DRB up 0.74 z,Archetype stayed the same; biggest standardized shifts: STL up 1.68 z; 3P up 0.84 z; 3PA up 0.81 z; FG up 0.79 z; DRB up 0.74 z
Wendell Carter Jr.,Defensive Rim Protectors,Defensive Rim Protectors,FALSE,1,1,PF up 1.66 z; FG up 0.70 z; FT up 0.63 z; FTA up 0.59 z; DRB up 0.56 z,Archetype stayed the same; biggest standardized shifts: PF up 1.66 z; FG up 0.70 z; FT up 0.63 z; FTA up 0.59 z; DRB up 0.56 z
